{
  "max_speed_m_per_yr": 1481.0365436565485,
  "mean_speed_m_per_yr": 555.1568073411318,
  "flux_gate_m3_per_yr": -24254907558.605087,
  "gate_id": 1.0
}