{
  "max_speed_m_per_yr": 964.2472308337769,
  "mean_speed_m_per_yr": 396.24419382883667,
  "flux_gate_m3_per_yr": -24254907558.605087,
  "gate_id": 1.0
}