{
  "max_speed_m_per_yr": 4366.450574890795,
  "mean_speed_m_per_yr": 1457.0724513865905,
  "flux_gate_m3_per_yr": -24254907558.605087,
  "gate_id": 1.0
}