{
  "max_speed_m_per_yr": 5418.353961140885,
  "mean_speed_m_per_yr": 1786.8958353896512,
  "flux_gate_m3_per_yr": -24254907558.605087,
  "gate_id": 1.0
}