{
  "max_speed_m_per_yr": 2003.3352502338873,
  "mean_speed_m_per_yr": 717.5624838352705,
  "flux_gate_m3_per_yr": -24254907558.605087,
  "gate_id": 1.0
}