{
  "max_speed_m_per_yr": 2789.8978931592665,
  "mean_speed_m_per_yr": 963.2687541274215,
  "flux_gate_m3_per_yr": -24254907558.605087,
  "gate_id": 1.0
}