{
  "max_speed_m_per_yr": 3577.871354570722,
  "mean_speed_m_per_yr": 1209.9556170385758,
  "flux_gate_m3_per_yr": -24254907558.605087,
  "gate_id": 1.0
}